{
  "chelsea": {
    "upcoming": [
      {
        "tournament": "Premier League",
        "start_time": "2019-03-31T14:05:00+01:00",
        "team_home": "Cardiff City",
        "team_away": "Chelsea",
        "venue": "Cardiff City Stadium"
      },
      {
        "tournament": "Premier League",
        "start_time": "2019-04-03T19:45:00+01:00",
        "team_home": "Chelsea",
        "team_away": "Brighton & Hove Albion",
        "venue": "Stamford Bridge"
      },
      {
        "tournament": "Premier League",
        "start_time": "2019-04-08T20:00:00+01:00",
        "team_home": "Chelsea",
        "team_away": "West Ham United",
        "venue": "Stamford Bridge"
      },
      {
        "tournament": "UEFA Europa League",
        "start_time": "2019-04-11T20:00:00+01:00",
        "team_home": "Slavia Prague",
        "team_away": "Chelsea",
        "venue": "Eden Arena"
      }
    ],
    "recent": [
      {
        "tournament": "Premier League",
        "start_time": "2019-03-17T16:30:00+00:00",
        "team_home": "Everton",
        "team_away": "Chelsea",
        "venue": "Goodison Park",
        "team_home_score": 2,
        "team_away_score": 2,
        "time": 96,
        "attendance": "39356",
        "url": "http://www.bbc.co.uk/sport/football/47512141"
      },
      {
        "tournament": "UEFA Europa League",
        "start_time": "2019-03-14T17:55:00+00:00",
        "team_home": "Dynamo Kiev",
        "team_away": "Chelsea",
        "venue": "Kiev Olympic Stadium",
        "team_home_score": 0,
        "team_away_score": 0,
        "time": 93,
        "attendance": "64830",
        "url": "http://www.bbc.co.uk/sport/football/47559773"
      },
      {
        "tournament": "Premier League",
        "start_time": "2019-03-10T14:05:00+00:00",
        "team_home": "Chelsea",
        "team_away": "Wolverhampton Wanderers",
        "venue": "Stamford Bridge",
        "team_home_score": 1,
        "team_away_score": 1,
        "time": 95,
        "attendance": "40692",
        "url": "http://www.bbc.co.uk/sport/football/47431205"
      },
      {
        "tournament": "UEFA Europa League",
        "start_time": "2019-03-07T20:00:00+00:00",
        "team_home": "Chelsea",
        "team_away": "Dynamo Kiev",
        "venue": "Stamford Bridge",
        "team_home_score": 3,
        "team_away_score": 3,
        "time": 94,
        "attendance": "37280",
        "url": "http://www.bbc.co.uk/sport/football/47474049"
      }
    ]
  }
}